HPV_Type,Lineage_ID,Base_num,Base_ID,allele,Reported_Type,min_lineage_percent,min_lineage_read_count,min_lineage_percent_override_reads
HPV16,A,79,A,ref,HPV16,3,1000,80
HPV16,A,105,G,ref,HPV16,3,1000,80
HPV16,B,79,A,ref,HPV16,3,1000,80
HPV16,B,105,A,alt1,HPV16,3,1000,80
HPV16,C_D,79,C,alt1,HPV16,3,1000,80
HPV16,C_D,105,A,alt1,HPV16,3,1000,80
HPV18,A,36,C,ref,HPV18,5,500,80
HPV18,A,54,A,ref,HPV18,5,500,80
HPV18,B,36,T,alt1,HPV18,5,500,80
HPV18,B,54,A,ref,HPV18,5,500,80
HPV18,C,36,C,ref,HPV18,5,500,80
HPV18,C,54,C,alt1,HPV18,5,500,80
HPV30,A1-2,84,T,ref,HPV30,5,500,80
HPV30,A1-2,85,A,ref,HPV30,5,500,80
HPV30,A1-2,93,C,ref,HPV30,5,500,80
HPV30,A3,84,T,ref,HPV30,5,500,80
HPV30,A3,85,G,alt1,HPV30,5,500,80
HPV30,A3,93,G,alt1,HPV30,5,500,80
HPV30,B,84,C,alt1,HPV30,5,500,80
HPV30,B,85,G,alt1,HPV30,5,500,80
HPV30,B,93,G,alt1,HPV30,5,500,80
HPV31,A_B1,36,T,ref,HPV31,5,500,80
HPV31,A_B1,54,T,ref,HPV31,5,500,80
HPV31,B2,36,C,alt1,HPV31,5,500,80
HPV31,B2,54,T,ref,HPV31,5,500,80
HPV31,C,36,T,ref,HPV31,5,500,80
HPV31,C,54,G,alt1,HPV31,5,500,80
HPV34,A1_B1,120,C,ref,HPV34,5,500,80
HPV34,A2,120,T,alt1,HPV34,5,500,80
HPV35,A2,70,T,ref,HPV35,3,500,80
HPV35,A1,70,A,alt1,HPV35,3,500,80
HPV39,A,51,A,ref,HPV39,3,500,80
HPV39,B,51,C,alt1,HPV39,3,500,80
HPV45,A1,82,A,ref,HPV45,2,500,80
HPV45,A1,83,G,ref,HPV45,2,500,80
HPV45,A1,93,C,ref,HPV45,2,500,80
HPV45,A1,111,G,alt1,HPV45,2,500,80
HPV45,A2-3,82,G,alt1,HPV45,2,500,80
HPV45,A2-3,83,G,ref,HPV45,2,500,80
HPV45,A2-3,93,C,ref,HPV45,2,500,80
HPV45,A2-3,111,G,alt1,HPV45,2,500,80
HPV45,B1,82,G,alt1,HPV45,2,500,80
HPV45,B1,83,G,ref,HPV45,2,500,80
HPV45,B1,93,T,alt1,HPV45,2,500,80
HPV45,B1,111,C,ref,HPV45,2,500,80
HPV45,B2,82,A,ref,HPV45,2,500,80
HPV45,B2,83,A,alt1,HPV45,2,500,80
HPV45,B2,93,T,alt1,HPV45,2,500,80
HPV45,B2,111,C,ref,HPV45,2,500,80
HPV51,A1,57,C,ref,HPV51,3,1000,80
HPV51,A1,72,G,ref,HPV51,3,1000,80
HPV51,A2-4_B1,57,C,ref,HPV51,3,1000,80
HPV51,A2-4_B1,72,A,alt1,HPV51,3,1000,80
HPV51,B2,57,T,alt1,HPV51,3,1000,80
HPV51,B2,72,A,alt1,HPV51,3,1000,80
HPV53,A1,51,T,alt1,HPV53,5,500,80
HPV53,A1,78,T,ref,HPV53,5,500,80
HPV53,D1,51,A,ref,HPV53,5,500,80
HPV53,D1,78,C,alt1,HPV53,5,500,80
HPV53,B_C_D2-4,51,T,alt1,HPV53,5,500,80
HPV53,B_C_D2-4,78,C,alt1,HPV53,5,500,80
HPV54,A,51,A,ref,HPV54,2,250,80
HPV54_B_C_consensus,B,42,T,ref,HPV54,3,500,80
HPV54_B_C_consensus,B,46,C,alt1,HPV54,3,500,80
HPV54_B_C_consensus,C,42,A,alt1,HPV54,3,500,80
HPV54_B_C_consensus,C,46,T,ref,HPV54,3,500,80
HPV58,A_B_D,77,G,ref,HPV58,3,500,80
HPV58,A_B_D,91,G,ref,HPV58,3,500,80
HPV58,C,77,A,alt1,HPV58,3,500,80
HPV58,C,91,A,alt1,HPV58,3,500,80
HPV59,A1-A3_B,70,T,ref,HPV59,2.5,500,80
HPV59,A2,70,G,alt1,HPV59,2.5,500,80
HPV61,A,46,T,ref,HPV61,2.5,500,80
HPV61,B_C,46,G,alt1,HPV61,2.5,500,80
HPV64,C,120,A,ref,HPV34,2,250,80
HPV66,A,39,C,alt1,HPV66,3,750,80
HPV66,B,39,T,ref,HPV66,3,750,80
HPV67,A,76,G,ref,HPV67,2,500,80
HPV67,B,76,C,alt1,HPV67,2,500,80
HPV68a,A_B,72,T,ref,HPV68,2,250,80
HPV68b,C,42,C,alt1,HPV68,2,500,80
HPV68b,C,82,A,ref,HPV68,2,500,80
HPV68b,C,85,A,ref,HPV68,2,500,80
HPV68b,C,102,A,alt1,HPV68,2,500,80
HPV68b,D_E,42,T,ref,HPV68,2,500,80
HPV68b,D_E,82,A,ref,HPV68,2,500,80
HPV68b,D_E,85,A,ref,HPV68,2,500,80
HPV68b,D_E,102,A,alt1,HPV68,2,500,80
HPV68b,F1,42,T,ref,HPV68,2,500,80
HPV68b,F1,82,G,alt1,HPV68,2,500,80
HPV68b,F1,85,A,ref,HPV68,2,500,80
HPV68b,F1,102,A,alt1,HPV68,2,500,80
HPV68b,F2,42,T,ref,HPV68,2,500,80
HPV68b,F2,82,G,alt1,HPV68,2,500,80
HPV68b,F2,85,G,alt1,HPV68,2,500,80
HPV68b,F2,102,G,ref,HPV68,2,500,80
HPV70,A,72,G,ref,HPV70,2,500,80
HPV70,B,72,A,alt1,HPV70,2,500,80
HPV73,A1,69,G,ref,HPV73,5,250,80
HPV73,A1,111,G,ref,HPV73,5,250,80
HPV73,A2,69,A,alt1,HPV73,5,250,80
HPV73,A2,111,G,ref,HPV73,5,250,80
HPV73,B1,69,G,ref,HPV73,5,250,80
HPV73,B1,111,A,alt1,HPV73,5,250,80
HPV82,A_B,71,A,ref,HPV82,2,250,80
HPV82v,C,71,C,ref,HPV82,2,250,80
