Control_Code,Owner_Sample_ID,barcode,Control_type,control_result,Sort_Order,Project,Sample_Owner,Panel,Specimen_Type,Specimen_Media,Ext_Lab,Ext_Operator,Ext_Method,Ext_Date,gDNA_Plate_ID,gDNA_Well_ID,Assay_Lab,Assay_Operator,Assay_Start_Date,Assay_Batch_Code,Assay_Plate_Code,Assay_Well_ID,total_reads,Num_Types_Pos,Human_Control,HPV03,HPV06,HPV11,HPV13,HPV16,HPV18,HPV26,HPV28,HPV30,HPV31,HPV32,HPV33,HPV35,HPV39,HPV40,HPV42,HPV43,HPV44,HPV45,HPV51,HPV52,HPV53,HPV54,HPV55,HPV56,HPV58,HPV59,HPV61,HPV62,HPV64,HPV66,HPV67,HPV68a,HPV68b,HPV69,HPV70,HPV71,HPV72a,HPV73,HPV74,HPV76,HPV81,HPV82,HPV82v,HPV83,HPV84,HPV85,HPV86,HPV87,HPV89,HPV90,HPV91,HPV97,HPV114
Ext-Neg,PB100108_H3_Ext-Neg,A88P27,neg,pass,600,Example-Project2,DaveRoberson,Carcinogenic,cervical_scrape,PreservCyt,HGU,Sarah,Filtration,10/23/2017,Plate7,H3,HGU,Sarah,12/14/2017,Example-B1,Example-Batch1_Plate7,H3,28,0,failed_to_amplify,neg,neg,neg,neg,neg,neg,neg,neg,neg,neg,neg,neg,neg,neg,neg,neg,neg,neg,neg,neg,neg,neg,neg,neg,neg,neg,neg,neg,neg,neg,neg,neg,neg,neg,neg,neg,neg,neg,neg,neg,neg,neg,neg,neg,neg,neg,neg,neg,neg,neg,neg,neg,neg,neg
Ext-Neg,PB100302_G12_Ext-Neg,A71P12,neg,pass,95,Example-Project1,SarahWagner,All,cervical_scrape,PreservCyt,HGU,Sarah,Filtration,11/6/2017,Plate1,G12,HGU,Sarah,1/11/2018,Example-B1,Example-Batch1_Plate1,G12,22,0,failed_to_amplify,neg,neg,neg,neg,neg,neg,neg,neg,neg,neg,neg,neg,neg,neg,neg,neg,neg,neg,neg,neg,neg,neg,neg,neg,neg,neg,neg,neg,neg,neg,neg,neg,neg,neg,neg,neg,neg,neg,neg,neg,neg,neg,neg,neg,neg,neg,neg,neg,neg,neg,neg,neg,neg,neg
Ext-Neg,PB100312_A8_Ext-Neg,A65P32,neg,pass,153,Example-Project1,SarahWagner,All,cervical_scrape,PreservCyt,HGU,Sarah,Filtration,12/27/2017,Plate2,A8,HGU,Sarah,1/11/2018,Example-B1,Example-Batch1_Plate2,A8,18,0,failed_to_amplify,neg,neg,neg,neg,neg,neg,neg,neg,neg,neg,neg,neg,neg,neg,neg,neg,neg,neg,neg,neg,neg,neg,neg,neg,neg,neg,neg,neg,neg,neg,neg,neg,neg,neg,neg,neg,neg,neg,neg,neg,neg,neg,neg,neg,neg,neg,neg,neg,neg,neg,neg,neg,neg,neg
Ext-Neg,PB100313_C8_Ext-Neg,A75P08,neg,pass,251,Example-Project1,SarahWagner,All,cervical_scrape,PreservCyt,HGU,Sarah,Filtration,1/3/2018,Plate3,C8,HGU,Sarah,1/11/2018,Example-B1,Example-Batch1_Plate3,C8,31,0,failed_to_amplify,neg,neg,neg,neg,neg,neg,neg,neg,neg,neg,neg,neg,neg,neg,neg,neg,neg,neg,neg,neg,neg,neg,neg,neg,neg,neg,neg,neg,neg,neg,neg,neg,neg,neg,neg,neg,neg,neg,neg,neg,neg,neg,neg,neg,neg,neg,neg,neg,neg,neg,neg,neg,neg,neg
Ext-Neg,PB100314_H9_Ext-Neg,A80P33,neg,pass,360,Example-Project1,SarahWagner,All,cervical_scrape,PreservCyt,HGU,Sarah,Filtration,1/3/2018,Plate4,H9,HGU,Sarah,1/11/2018,Example-B1,Example-Batch1_Plate4,H9,29,0,failed_to_amplify,neg,neg,neg,neg,neg,neg,neg,neg,neg,neg,neg,neg,neg,neg,neg,neg,neg,neg,neg,neg,neg,neg,neg,neg,neg,neg,neg,neg,neg,neg,neg,neg,neg,neg,neg,neg,neg,neg,neg,neg,neg,neg,neg,neg,neg,neg,neg,neg,neg,neg,neg,neg,neg,neg
Ext-Neg,PB100315_H1_Ext-Neg,A80P37,neg,pass,392,Example-Project1,SarahWagner,All,cervical_scrape,PreservCyt,HGU,Sarah,Filtration,1/3/2018,Plate5,H1,HGU,Sarah,1/11/2018,Example-B1,Example-Batch1_Plate5,H1,24,0,failed_to_amplify,neg,neg,neg,neg,neg,neg,neg,neg,neg,neg,neg,neg,neg,neg,neg,neg,neg,neg,neg,neg,neg,neg,neg,neg,neg,neg,neg,neg,neg,neg,neg,neg,neg,neg,neg,neg,neg,neg,neg,neg,neg,neg,neg,neg,neg,neg,neg,neg,neg,neg,neg,neg,neg,neg
Ext-Neg,PB100316_G3_Ext-Neg,A87P03,neg,pass,503,Example-Project1,SarahWagner,All,cervical_scrape,PreservCyt,HGU,Sarah,Filtration,1/3/2018,Plate6,G3,HGU,Sarah,1/11/2018,Example-B1,Example-Batch1_Plate6,G3,39,0,failed_to_amplify,neg,neg,neg,neg,neg,neg,neg,neg,neg,neg,neg,neg,neg,neg,neg,neg,neg,neg,neg,neg,neg,neg,neg,neg,neg,neg,neg,neg,neg,neg,neg,neg,neg,neg,neg,neg,neg,neg,neg,neg,neg,neg,neg,neg,neg,neg,neg,neg,neg,neg,neg,neg,neg,neg
GEN_11_32_45_59_69_82_90,03_C1_25_GEN_11_32_45_59_69_82_90,A83P37,pos,pass,675,Example-Project2,DaveRoberson,Carcinogenic,synth_ctrls,PreservCyt,HGU,Sarah,SC,SC,SC,C1,HGU,Sarah,12/28/2017,Example-B1,Example-Batch1_Plate8,C1,52730,7,pass,neg,neg,pos,neg,neg,neg,neg,neg,neg,neg,pos,neg,neg,neg,neg,neg,neg,neg,pos,neg,neg,neg,neg,neg,neg,neg,pos,neg,neg,neg,neg,neg,neg,neg,pos,neg,neg,neg,neg,neg,neg,neg,pos,neg,neg,neg,neg,neg,neg,neg,pos,neg,neg,neg
GEN_11_32_45_59_69_82_90,03_C1_25_GEN_11_32_45_59_69_82_90,A83P39,pos,pass,691,Example-Project2,DaveRoberson,Carcinogenic,synth_ctrls,PreservCyt,HGU,Sarah,SC,SC,SC,C1,HGU,Sarah,12/28/2017,Example-B1,Example-Batch1_Plate8,C3,51787,7,pass,neg,neg,pos,neg,neg,neg,neg,neg,neg,neg,pos,neg,neg,neg,neg,neg,neg,neg,pos,neg,neg,neg,neg,neg,neg,neg,pos,neg,neg,neg,neg,neg,neg,neg,pos,neg,neg,neg,neg,neg,neg,neg,pos,neg,neg,neg,neg,neg,neg,neg,pos,neg,neg,neg
GEN_11_32_45_59_69_82_90,03_C1_25_GEN_11_32_45_59_69_82_90,A83P47,pos,pass,739,Example-Project3,DaveRoberson,Carcinogenic_only_Grouped,synth_ctrls,PreservCyt,HGU,Sarah,SC,SC,SC,C1,HGU,Sarah,12/28/2017,Example-B1,Example-Batch1_Plate8,C11,56042,7,pass,neg,neg,pos,neg,neg,neg,neg,neg,neg,neg,pos,neg,neg,neg,neg,neg,neg,neg,pos,neg,neg,neg,neg,neg,neg,neg,pos,neg,neg,neg,neg,neg,neg,neg,pos,neg,neg,neg,neg,neg,neg,neg,pos,neg,neg,neg,neg,neg,neg,neg,pos,neg,neg,neg
GEN_13_33_51_61_70_82_91,04_D1_25_GEN_13_33_51_61_70_82_91,A84P37,pos,pass,676,Example-Project2,DaveRoberson,Carcinogenic,synth_ctrls,PreservCyt,HGU,Sarah,SC,SC,SC,D1,HGU,Sarah,12/28/2017,Example-B1,Example-Batch1_Plate8,D1,61577,7,pass,neg,neg,neg,pos,neg,neg,neg,neg,neg,neg,neg,pos,neg,neg,neg,neg,neg,neg,neg,pos,neg,neg,neg,neg,neg,neg,neg,pos,neg,neg,neg,neg,neg,neg,neg,pos,neg,neg,neg,neg,neg,neg,neg,pos,neg,neg,neg,neg,neg,neg,neg,pos,neg,neg
GEN_13_33_51_61_70_82_91,04_D1_25_GEN_13_33_51_61_70_82_91,A84P39,pos,pass,692,Example-Project2,DaveRoberson,Carcinogenic,synth_ctrls,PreservCyt,HGU,Sarah,SC,SC,SC,D1,HGU,Sarah,12/28/2017,Example-B1,Example-Batch1_Plate8,D3,60200,7,pass,neg,neg,neg,pos,neg,neg,neg,neg,neg,neg,neg,pos,neg,neg,neg,neg,neg,neg,neg,pos,neg,neg,neg,neg,neg,neg,neg,pos,neg,neg,neg,neg,neg,neg,neg,pos,neg,neg,neg,neg,neg,neg,neg,pos,neg,neg,neg,neg,neg,neg,neg,pos,neg,neg
GEN_13_33_51_61_70_82_91,04_D1_25_GEN_13_33_51_61_70_82_91,A84P47,pos,pass,740,Example-Project3,DaveRoberson,Carcinogenic_only_Grouped,synth_ctrls,PreservCyt,HGU,Sarah,SC,SC,SC,D1,HGU,Sarah,12/28/2017,Example-B1,Example-Batch1_Plate8,D11,64581,7,pass,neg,neg,neg,pos,neg,neg,neg,neg,neg,neg,neg,pos,neg,neg,neg,neg,neg,neg,neg,pos,neg,neg,neg,neg,neg,neg,neg,pos,neg,neg,neg,neg,neg,neg,neg,pos,neg,neg,neg,neg,neg,neg,neg,pos,neg,neg,neg,neg,neg,neg,neg,pos,neg,neg
GEN_16_35_52_62_71_83_97,05_E1_25_GEN_16_35_52_62_71_83_97,A85P37,pos,pass,677,Example-Project2,DaveRoberson,Carcinogenic,synth_ctrls,PreservCyt,HGU,Sarah,SC,SC,SC,E1,HGU,Sarah,12/28/2017,Example-B1,Example-Batch1_Plate8,E1,54757,7,pass,neg,neg,neg,neg,pos,neg,neg,neg,neg,neg,neg,neg,pos,neg,neg,neg,neg,neg,neg,neg,pos,neg,neg,neg,neg,neg,neg,neg,pos,neg,neg,neg,neg,neg,neg,neg,pos,neg,neg,neg,neg,neg,neg,neg,pos,neg,neg,neg,neg,neg,neg,neg,pos,neg
GEN_16_35_52_62_71_83_97,05_E1_25_GEN_16_35_52_62_71_83_97,A85P39,pos,pass,693,Example-Project2,DaveRoberson,Carcinogenic,synth_ctrls,PreservCyt,HGU,Sarah,SC,SC,SC,E1,HGU,Sarah,12/28/2017,Example-B1,Example-Batch1_Plate8,E3,56209,7,pass,neg,neg,neg,neg,pos,neg,neg,neg,neg,neg,neg,neg,pos,neg,neg,neg,neg,neg,neg,neg,pos,neg,neg,neg,neg,neg,neg,neg,pos,neg,neg,neg,neg,neg,neg,neg,pos,neg,neg,neg,neg,neg,neg,neg,pos,neg,neg,neg,neg,neg,neg,neg,pos,neg
GEN_16_35_52_62_71_83_97,05_E1_25_GEN_16_35_52_62_71_83_97,A85P47,pos,pass,741,Example-Project3,DaveRoberson,Carcinogenic_only_Grouped,synth_ctrls,PreservCyt,HGU,Sarah,SC,SC,SC,E1,HGU,Sarah,12/28/2017,Example-B1,Example-Batch1_Plate8,E11,65564,7,pass,neg,neg,neg,neg,pos,neg,neg,neg,neg,neg,neg,neg,pos,neg,neg,neg,neg,neg,neg,neg,pos,neg,neg,neg,neg,neg,neg,neg,pos,neg,neg,neg,neg,neg,neg,neg,pos,neg,neg,neg,neg,neg,neg,neg,pos,neg,neg,neg,neg,neg,neg,neg,pos,neg
GEN_18_39_53_64_72_84_114,06_F1_25_GEN_18_39_53_64_72_84_114,A86P37,pos,pass,678,Example-Project2,DaveRoberson,Carcinogenic,synth_ctrls,PreservCyt,HGU,Sarah,SC,SC,SC,F1,HGU,Sarah,12/28/2017,Example-B1,Example-Batch1_Plate8,F1,64351,7,pass,neg,neg,neg,neg,neg,pos,neg,neg,neg,neg,neg,neg,neg,pos,neg,neg,neg,neg,neg,neg,neg,pos,neg,neg,neg,neg,neg,neg,neg,pos,neg,neg,neg,neg,neg,neg,neg,pos,neg,neg,neg,neg,neg,neg,neg,pos,neg,neg,neg,neg,neg,neg,neg,pos
GEN_18_39_53_64_72_84_114,06_F1_25_GEN_18_39_53_64_72_84_114,A86P39,pos,pass,694,Example-Project2,DaveRoberson,Carcinogenic,synth_ctrls,PreservCyt,HGU,Sarah,SC,SC,SC,F1,HGU,Sarah,12/28/2017,Example-B1,Example-Batch1_Plate8,F3,66495,7,pass,neg,neg,neg,neg,neg,pos,neg,neg,neg,neg,neg,neg,neg,pos,neg,neg,neg,neg,neg,neg,neg,pos,neg,neg,neg,neg,neg,neg,neg,pos,neg,neg,neg,neg,neg,neg,neg,pos,neg,neg,neg,neg,neg,neg,neg,pos,neg,neg,neg,neg,neg,neg,neg,pos
GEN_18_39_53_64_72_84_114,06_F1_25_GEN_18_39_53_64_72_84_114,A86P47,pos,pass,742,Example-Project3,DaveRoberson,Carcinogenic_only_Grouped,synth_ctrls,PreservCyt,HGU,Sarah,SC,SC,SC,F1,HGU,Sarah,12/28/2017,Example-B1,Example-Batch1_Plate8,F11,65561,7,pass,neg,neg,neg,neg,neg,pos,neg,neg,neg,neg,neg,neg,neg,pos,neg,neg,neg,neg,neg,neg,neg,pos,neg,neg,neg,neg,neg,neg,neg,pos,neg,neg,neg,neg,neg,neg,neg,pos,neg,neg,neg,neg,neg,neg,neg,pos,neg,neg,neg,neg,neg,neg,neg,pos
GEN_26_40_54_66_73_85,07_G1_25_66x50_GEN_26_40_54_66_73_85,A87P37,pos,pass,679,Example-Project2,DaveRoberson,Carcinogenic,synth_ctrls,PreservCyt,HGU,Sarah,SC,SC,SC,G1,HGU,Sarah,12/28/2017,Example-B1,Example-Batch1_Plate8,G1,77322,6,pass,neg,neg,neg,neg,neg,neg,pos,neg,neg,neg,neg,neg,neg,neg,pos,neg,neg,neg,neg,neg,neg,neg,pos,neg,neg,neg,neg,neg,neg,neg,pos,neg,neg,neg,neg,neg,neg,neg,pos,neg,neg,neg,neg,neg,neg,neg,pos,neg,neg,neg,neg,neg,neg,neg
GEN_26_40_54_66_73_85,07_G1_25_66x50_GEN_26_40_54_66_73_85,A87P39,pos,pass,695,Example-Project2,DaveRoberson,Carcinogenic,synth_ctrls,PreservCyt,HGU,Sarah,SC,SC,SC,G1,HGU,Sarah,12/28/2017,Example-B1,Example-Batch1_Plate8,G3,82893,6,pass,neg,neg,neg,neg,neg,neg,pos,neg,neg,neg,neg,neg,neg,neg,pos,neg,neg,neg,neg,neg,neg,neg,pos,neg,neg,neg,neg,neg,neg,neg,pos,neg,neg,neg,neg,neg,neg,neg,pos,neg,neg,neg,neg,neg,neg,neg,pos,neg,neg,neg,neg,neg,neg,neg
GEN_26_40_54_66_73_85,07_G1_25_66x50_GEN_26_40_54_66_73_85,A87P47,pos,pass,743,Example-Project3,DaveRoberson,Carcinogenic_only_Grouped,synth_ctrls,PreservCyt,HGU,Sarah,SC,SC,SC,G1,HGU,Sarah,12/28/2017,Example-B1,Example-Batch1_Plate8,G11,86793,6,pass,neg,neg,neg,neg,neg,neg,pos,neg,neg,neg,neg,neg,neg,neg,pos,neg,neg,neg,neg,neg,neg,neg,pos,neg,neg,neg,neg,neg,neg,neg,pos,neg,neg,neg,neg,neg,neg,neg,pos,neg,neg,neg,neg,neg,neg,neg,pos,neg,neg,neg,neg,neg,neg,neg
GEN_28_42_55_67_74_86,08_H1_25_GEN_28_42_55_67_74_86,A88P37,pos,pass,680,Example-Project2,DaveRoberson,Carcinogenic,synth_ctrls,PreservCyt,HGU,Sarah,SC,SC,SC,H1,HGU,Sarah,12/28/2017,Example-B1,Example-Batch1_Plate8,H1,72704,6,pass,neg,neg,neg,neg,neg,neg,neg,pos,neg,neg,neg,neg,neg,neg,neg,pos,neg,neg,neg,neg,neg,neg,neg,pos,neg,neg,neg,neg,neg,neg,neg,pos,neg,neg,neg,neg,neg,neg,neg,pos,neg,neg,neg,neg,neg,neg,neg,pos,neg,neg,neg,neg,neg,neg
GEN_28_42_55_67_74_86,08_H1_25_GEN_28_42_55_67_74_86,A88P39,pos,pass,696,Example-Project2,DaveRoberson,Carcinogenic,synth_ctrls,PreservCyt,HGU,Sarah,SC,SC,SC,H1,HGU,Sarah,12/28/2017,Example-B1,Example-Batch1_Plate8,H3,71593,6,pass,neg,neg,neg,neg,neg,neg,neg,pos,neg,neg,neg,neg,neg,neg,neg,pos,neg,neg,neg,neg,neg,neg,neg,pos,neg,neg,neg,neg,neg,neg,neg,pos,neg,neg,neg,neg,neg,neg,neg,pos,neg,neg,neg,neg,neg,neg,neg,pos,neg,neg,neg,neg,neg,neg
GEN_28_42_55_67_74_86,08_H1_25_GEN_28_42_55_67_74_86,A88P47,pos,pass,744,Example-Project3,DaveRoberson,Carcinogenic_only_Grouped,synth_ctrls,PreservCyt,HGU,Sarah,SC,SC,SC,H1,HGU,Sarah,12/28/2017,Example-B1,Example-Batch1_Plate8,H11,71381,6,pass,neg,neg,neg,neg,neg,neg,neg,pos,neg,neg,neg,neg,neg,neg,neg,pos,neg,neg,neg,neg,neg,neg,neg,pos,neg,neg,neg,neg,neg,neg,neg,pos,neg,neg,neg,neg,neg,neg,neg,pos,neg,neg,neg,neg,neg,neg,neg,pos,neg,neg,neg,neg,neg,neg
GEN_3_30_43_56_68a_76_87,01_A1_25_GEN_3_30_43_56_68a_76_87,A81P37,pos,pass,673,Example-Project2,DaveRoberson,Carcinogenic,synth_ctrls,PreservCyt,HGU,Sarah,SC,SC,SC,A1,HGU,Sarah,12/28/2017,Example-B1,Example-Batch1_Plate8,A1,47830,7,pass,pos,neg,neg,neg,neg,neg,neg,neg,pos,neg,neg,neg,neg,neg,neg,neg,pos,neg,neg,neg,neg,neg,neg,neg,pos,neg,neg,neg,neg,neg,neg,neg,pos,neg,neg,neg,neg,neg,neg,neg,pos,neg,neg,neg,neg,neg,neg,neg,pos,neg,neg,neg,neg,neg
GEN_3_30_43_56_68a_76_87,01_A1_25_GEN_3_30_43_56_68a_76_87,A81P39,pos,pass,689,Example-Project2,DaveRoberson,Carcinogenic,synth_ctrls,PreservCyt,HGU,Sarah,SC,SC,SC,A1,HGU,Sarah,12/28/2017,Example-B1,Example-Batch1_Plate8,A3,46759,7,pass,pos,neg,neg,neg,neg,neg,neg,neg,pos,neg,neg,neg,neg,neg,neg,neg,pos,neg,neg,neg,neg,neg,neg,neg,pos,neg,neg,neg,neg,neg,neg,neg,pos,neg,neg,neg,neg,neg,neg,neg,pos,neg,neg,neg,neg,neg,neg,neg,pos,neg,neg,neg,neg,neg
GEN_3_30_43_56_68a_76_87,01_A1_25_GEN_3_30_43_56_68a_76_87,A81P47,pos,pass,737,Example-Project3,DaveRoberson,Carcinogenic_only_Grouped,synth_ctrls,PreservCyt,HGU,Sarah,SC,SC,SC,A1,HGU,Sarah,12/28/2017,Example-B1,Example-Batch1_Plate8,A11,51662,7,pass,pos,neg,neg,neg,neg,neg,neg,neg,pos,neg,neg,neg,neg,neg,neg,neg,pos,neg,neg,neg,neg,neg,neg,neg,pos,neg,neg,neg,neg,neg,neg,neg,pos,neg,neg,neg,neg,neg,neg,neg,pos,neg,neg,neg,neg,neg,neg,neg,pos,neg,neg,neg,neg,neg
GEN_6_31_44_58_68b_81_89,02_B1_25_GEN_6_31_44_58_68b_81_89,A82P37,pos,pass,674,Example-Project2,DaveRoberson,Carcinogenic,synth_ctrls,PreservCyt,HGU,Sarah,SC,SC,SC,B1,HGU,Sarah,12/28/2017,Example-B1,Example-Batch1_Plate8,B1,55613,7,pass,neg,pos,neg,neg,neg,neg,neg,neg,neg,pos,neg,neg,neg,neg,neg,neg,neg,pos,neg,neg,neg,neg,neg,neg,neg,pos,neg,neg,neg,neg,neg,neg,neg,pos,neg,neg,neg,neg,neg,neg,neg,pos,neg,neg,neg,neg,neg,neg,neg,pos,neg,neg,neg,neg
GEN_6_31_44_58_68b_81_89,02_B1_25_GEN_6_31_44_58_68b_81_89,A82P39,pos,pass,690,Example-Project2,DaveRoberson,Carcinogenic,synth_ctrls,PreservCyt,HGU,Sarah,SC,SC,SC,B1,HGU,Sarah,12/28/2017,Example-B1,Example-Batch1_Plate8,B3,53389,7,pass,neg,pos,neg,neg,neg,neg,neg,neg,neg,pos,neg,neg,neg,neg,neg,neg,neg,pos,neg,neg,neg,neg,neg,neg,neg,pos,neg,neg,neg,neg,neg,neg,neg,pos,neg,neg,neg,neg,neg,neg,neg,pos,neg,neg,neg,neg,neg,neg,neg,pos,neg,neg,neg,neg
GEN_6_31_44_58_68b_81_89,02_B1_25_GEN_6_31_44_58_68b_81_89,A82P47,pos,pass,738,Example-Project3,DaveRoberson,Carcinogenic_only_Grouped,synth_ctrls,PreservCyt,HGU,Sarah,SC,SC,SC,B1,HGU,Sarah,12/28/2017,Example-B1,Example-Batch1_Plate8,B11,56994,7,pass,neg,pos,neg,neg,neg,neg,neg,neg,neg,pos,neg,neg,neg,neg,neg,neg,neg,pos,neg,neg,neg,neg,neg,neg,neg,pos,neg,neg,neg,neg,neg,neg,neg,pos,neg,neg,neg,neg,neg,neg,neg,pos,neg,neg,neg,neg,neg,neg,neg,pos,neg,neg,neg,neg
HR_pool,09_A2_HR_pool_100-copies,A81P38,pos,pass,681,Example-Project2,DaveRoberson,Carcinogenic,synth_ctrls,PreservCyt,HGU,Sarah,SC,SC,SC,A2,HGU,Sarah,12/28/2017,Example-B1,Example-Batch1_Plate8,A2,45153,13,pass,neg,neg,neg,neg,pos,pos,neg,neg,neg,pos,neg,pos,pos,pos,neg,neg,neg,neg,pos,pos,pos,neg,neg,neg,pos,pos,pos,neg,neg,neg,neg,neg,neg,pos,neg,neg,neg,neg,neg,neg,neg,neg,neg,neg,neg,neg,neg,neg,neg,neg,neg,neg,neg,neg
HR_pool,09_A2_HR_pool_100-copies,A81P40,pos,pass,697,Example-Project2,DaveRoberson,Carcinogenic,synth_ctrls,PreservCyt,HGU,Sarah,SC,SC,SC,A2,HGU,Sarah,12/28/2017,Example-B1,Example-Batch1_Plate8,A4,48144,13,pass,neg,neg,neg,neg,pos,pos,neg,neg,neg,pos,neg,pos,pos,pos,neg,neg,neg,neg,pos,pos,pos,neg,neg,neg,pos,pos,pos,neg,neg,neg,neg,neg,neg,pos,neg,neg,neg,neg,neg,neg,neg,neg,neg,neg,neg,neg,neg,neg,neg,neg,neg,neg,neg,neg
HR_pool,09_A2_HR_pool_100-copies,A81P48,pos,pass,745,Example-Project3,DaveRoberson,Carcinogenic_only_Grouped,synth_ctrls,PreservCyt,HGU,Sarah,SC,SC,SC,A2,HGU,Sarah,12/28/2017,Example-B1,Example-Batch1_Plate8,A12,50462,13,pass,neg,neg,neg,neg,pos,pos,neg,neg,neg,pos,neg,pos,pos,pos,neg,neg,neg,neg,pos,pos,pos,neg,neg,neg,pos,pos,pos,neg,neg,neg,neg,neg,neg,pos,neg,neg,neg,neg,neg,neg,neg,neg,neg,neg,neg,neg,neg,neg,neg,neg,neg,neg,neg,neg
HR_pool,10_B2_HR_pool_50-copies,A82P38,pos,pass,682,Example-Project2,DaveRoberson,Carcinogenic,synth_ctrls,PreservCyt,HGU,Sarah,SC,SC,SC,B2,HGU,Sarah,12/28/2017,Example-B1,Example-Batch1_Plate8,B2,50689,13,pass,neg,neg,neg,neg,pos,pos,neg,neg,neg,pos,neg,pos,pos,pos,neg,neg,neg,neg,pos,pos,pos,neg,neg,neg,pos,pos,pos,neg,neg,neg,neg,neg,neg,pos,neg,neg,neg,neg,neg,neg,neg,neg,neg,neg,neg,neg,neg,neg,neg,neg,neg,neg,neg,neg
HR_pool,10_B2_HR_pool_50-copies,A82P40,pos,pass,698,Example-Project2,DaveRoberson,Carcinogenic,synth_ctrls,PreservCyt,HGU,Sarah,SC,SC,SC,B2,HGU,Sarah,12/28/2017,Example-B1,Example-Batch1_Plate8,B4,54308,13,pass,neg,neg,neg,neg,pos,pos,neg,neg,neg,pos,neg,pos,pos,pos,neg,neg,neg,neg,pos,pos,pos,neg,neg,neg,pos,pos,pos,neg,neg,neg,neg,neg,neg,pos,neg,neg,neg,neg,neg,neg,neg,neg,neg,neg,neg,neg,neg,neg,neg,neg,neg,neg,neg,neg
HR_pool,10_B2_HR_pool_50-copies,A82P48,pos,pass,746,Example-Project3,DaveRoberson,Carcinogenic_only_Grouped,synth_ctrls,PreservCyt,HGU,Sarah,SC,SC,SC,B2,HGU,Sarah,12/28/2017,Example-B1,Example-Batch1_Plate8,B12,57309,13,pass,neg,neg,neg,neg,pos,pos,neg,neg,neg,pos,neg,pos,pos,pos,neg,neg,neg,neg,pos,pos,pos,neg,neg,neg,pos,pos,pos,neg,neg,neg,neg,neg,neg,pos,neg,neg,neg,neg,neg,neg,neg,neg,neg,neg,neg,neg,neg,neg,neg,neg,neg,neg,neg,neg
HR_pool,11_C2_HR_pool_25-copies,A83P38,pos,pass,683,Example-Project2,DaveRoberson,Carcinogenic,synth_ctrls,PreservCyt,HGU,Sarah,SC,SC,SC,C2,HGU,Sarah,12/28/2017,Example-B1,Example-Batch1_Plate8,C2,47322,13,pass,neg,neg,neg,neg,pos,pos,neg,neg,neg,pos,neg,pos,pos,pos,neg,neg,neg,neg,pos,pos,pos,neg,neg,neg,pos,pos,pos,neg,neg,neg,neg,neg,neg,pos,neg,neg,neg,neg,neg,neg,neg,neg,neg,neg,neg,neg,neg,neg,neg,neg,neg,neg,neg,neg
HR_pool,11_C2_HR_pool_25-copies,A83P40,pos,pass,699,Example-Project2,DaveRoberson,Carcinogenic,synth_ctrls,PreservCyt,HGU,Sarah,SC,SC,SC,C2,HGU,Sarah,12/28/2017,Example-B1,Example-Batch1_Plate8,C4,51371,13,pass,neg,neg,neg,neg,pos,pos,neg,neg,neg,pos,neg,pos,pos,pos,neg,neg,neg,neg,pos,pos,pos,neg,neg,neg,pos,pos,pos,neg,neg,neg,neg,neg,neg,pos,neg,neg,neg,neg,neg,neg,neg,neg,neg,neg,neg,neg,neg,neg,neg,neg,neg,neg,neg,neg
HR_pool,11_C2_HR_pool_25-copies,A83P48,pos,pass,747,Example-Project3,DaveRoberson,Carcinogenic_only_Grouped,synth_ctrls,PreservCyt,HGU,Sarah,SC,SC,SC,C2,HGU,Sarah,12/28/2017,Example-B1,Example-Batch1_Plate8,C12,53332,13,pass,neg,neg,neg,neg,pos,pos,neg,neg,neg,pos,neg,pos,pos,pos,neg,neg,neg,neg,pos,pos,pos,neg,neg,neg,pos,pos,pos,neg,neg,neg,neg,neg,neg,pos,neg,neg,neg,neg,neg,neg,neg,neg,neg,neg,neg,neg,neg,neg,neg,neg,neg,neg,neg,neg
HR_pool,12_D2_HR_pool_10-copies,A84P38,pos,pass,684,Example-Project2,DaveRoberson,Carcinogenic,synth_ctrls,PreservCyt,HGU,Sarah,SC,SC,SC,D2,HGU,Sarah,12/28/2017,Example-B1,Example-Batch1_Plate8,D2,48324,13,pass,neg,neg,neg,neg,pos,pos,neg,neg,neg,pos,neg,pos,pos,pos,neg,neg,neg,neg,pos,pos,pos,neg,neg,neg,pos,pos,pos,neg,neg,neg,neg,neg,neg,pos,neg,neg,neg,neg,neg,neg,neg,neg,neg,neg,neg,neg,neg,neg,neg,neg,neg,neg,neg,neg
HR_pool,12_D2_HR_pool_10-copies,A84P40,pos,pass,700,Example-Project2,DaveRoberson,Carcinogenic,synth_ctrls,PreservCyt,HGU,Sarah,SC,SC,SC,D2,HGU,Sarah,12/28/2017,Example-B1,Example-Batch1_Plate8,D4,52596,13,pass,neg,neg,neg,neg,pos,pos,neg,neg,neg,pos,neg,pos,pos,pos,neg,neg,neg,neg,pos,pos,pos,neg,neg,neg,pos,pos,pos,neg,neg,neg,neg,neg,neg,pos,neg,neg,neg,neg,neg,neg,neg,neg,neg,neg,neg,neg,neg,neg,neg,neg,neg,neg,neg,neg
HR_pool,12_D2_HR_pool_10-copies,A84P48,pos,pass,748,Example-Project3,DaveRoberson,Carcinogenic_only_Grouped,synth_ctrls,PreservCyt,HGU,Sarah,SC,SC,SC,D2,HGU,Sarah,12/28/2017,Example-B1,Example-Batch1_Plate8,D12,53198,13,pass,neg,neg,neg,neg,pos,pos,neg,neg,neg,pos,neg,pos,pos,pos,neg,neg,neg,neg,pos,pos,pos,neg,neg,neg,pos,pos,pos,neg,neg,neg,neg,neg,neg,pos,neg,neg,neg,neg,neg,neg,neg,neg,neg,neg,neg,neg,neg,neg,neg,neg,neg,neg,neg,neg
NTC,PB100108_G8_PCR-NTC,A87P32,neg,pass,639,Example-Project2,DaveRoberson,Carcinogenic,cervical_scrape,PreservCyt,HGU,Sarah,Filtration,10/23/2017,Plate7,G8,HGU,Sarah,12/14/2017,Example-B1,Example-Batch1_Plate7,G8,16,0,failed_to_amplify,neg,neg,neg,neg,neg,neg,neg,neg,neg,neg,neg,neg,neg,neg,neg,neg,neg,neg,neg,neg,neg,neg,neg,neg,neg,neg,neg,neg,neg,neg,neg,neg,neg,neg,neg,neg,neg,neg,neg,neg,neg,neg,neg,neg,neg,neg,neg,neg,neg,neg,neg,neg,neg,neg
NTC,PB100302_H12_PCR-NTC,A72P12,neg,pass,96,Example-Project1,SarahWagner,All,cervical_scrape,PreservCyt,HGU,Sarah,Filtration,11/6/2017,Plate1,H12,HGU,Sarah,1/11/2018,Example-B1,Example-Batch1_Plate1,H12,9,0,failed_to_amplify,neg,neg,neg,neg,neg,neg,neg,neg,neg,neg,neg,neg,neg,neg,neg,neg,neg,neg,neg,neg,neg,neg,neg,neg,neg,neg,neg,neg,neg,neg,neg,neg,neg,neg,neg,neg,neg,neg,neg,neg,neg,neg,neg,neg,neg,neg,neg,neg,neg,neg,neg,neg,neg,neg
NTC,PB100312_G5_PCR-NTC,A71P29,neg,pass,135,Example-Project1,SarahWagner,All,cervical_scrape,PreservCyt,HGU,Sarah,Filtration,12/27/2017,Plate2,G5,HGU,Sarah,1/11/2018,Example-B1,Example-Batch1_Plate2,G5,27,0,failed_to_amplify,neg,neg,neg,neg,neg,neg,neg,neg,neg,neg,neg,neg,neg,neg,neg,neg,neg,neg,neg,neg,neg,neg,neg,neg,neg,neg,neg,neg,neg,neg,neg,neg,neg,neg,neg,neg,neg,neg,neg,neg,neg,neg,neg,neg,neg,neg,neg,neg,neg,neg,neg,neg,neg,neg
NTC,PB100313_B11_PCR-NTC,A74P11,neg,pass,274,Example-Project1,SarahWagner,All,cervical_scrape,PreservCyt,HGU,Sarah,Filtration,1/3/2018,Plate3,B11,HGU,Sarah,1/11/2018,Example-B1,Example-Batch1_Plate3,B11,74,0,failed_to_amplify,neg,neg,neg,neg,neg,neg,neg,neg,neg,neg,neg,neg,neg,neg,neg,neg,neg,neg,neg,neg,neg,neg,neg,neg,neg,neg,neg,neg,neg,neg,neg,neg,neg,neg,neg,neg,neg,neg,neg,neg,neg,neg,neg,neg,neg,neg,neg,neg,neg,neg,neg,neg,neg,neg
NTC,PB100314_A7_PCR-NTC,A73P31,neg,pass,337,Example-Project1,SarahWagner,All,cervical_scrape,PreservCyt,HGU,Sarah,Filtration,1/3/2018,Plate4,A7,HGU,Sarah,1/11/2018,Example-B1,Example-Batch1_Plate4,A7,46,0,failed_to_amplify,neg,neg,neg,neg,neg,neg,neg,neg,neg,neg,neg,neg,neg,neg,neg,neg,neg,neg,neg,neg,neg,neg,neg,neg,neg,neg,neg,neg,neg,neg,neg,neg,neg,neg,neg,neg,neg,neg,neg,neg,neg,neg,neg,neg,neg,neg,neg,neg,neg,neg,neg,neg,neg,neg
NTC,PB100315_B3_PCR-NTC,A74P39,neg,pass,402,Example-Project1,SarahWagner,All,cervical_scrape,PreservCyt,HGU,Sarah,Filtration,1/3/2018,Plate5,B3,HGU,Sarah,1/11/2018,Example-B1,Example-Batch1_Plate5,B3,49,0,failed_to_amplify,neg,neg,neg,neg,neg,neg,neg,neg,neg,neg,neg,neg,neg,neg,neg,neg,neg,neg,neg,neg,neg,neg,neg,neg,neg,neg,neg,neg,neg,neg,neg,neg,neg,neg,neg,neg,neg,neg,neg,neg,neg,neg,neg,neg,neg,neg,neg,neg,neg,neg,neg,neg,neg,neg
NTC,PB100316_G12_PCR-NTC,A87P12,neg,pass,575,Example-Project1,SarahWagner,All,cervical_scrape,PreservCyt,HGU,Sarah,Filtration,1/3/2018,Plate6,G12,HGU,Sarah,1/11/2018,Example-B1,Example-Batch1_Plate6,G12,23,0,failed_to_amplify,neg,neg,neg,neg,neg,neg,neg,neg,neg,neg,neg,neg,neg,neg,neg,neg,neg,neg,neg,neg,neg,neg,neg,neg,neg,neg,neg,neg,neg,neg,neg,neg,neg,neg,neg,neg,neg,neg,neg,neg,neg,neg,neg,neg,neg,neg,neg,neg,neg,neg,neg,neg,neg,neg
NTC,PCR-NTC,A83P43,neg,pass,707,Example-Project3,DaveRoberson,Carcinogenic_only_Grouped,cervical_scrape,Surepath,HGU,Sarah,Chemagic360,1/1/2017,Plate8,C1,HGU,Sarah,12/28/2017,Example-B1,Example-Batch1_Plate8,C7,13,0,failed_to_amplify,neg,neg,neg,neg,neg,neg,neg,neg,neg,neg,neg,neg,neg,neg,neg,neg,neg,neg,neg,neg,neg,neg,neg,neg,neg,neg,neg,neg,neg,neg,neg,neg,neg,neg,neg,neg,neg,neg,neg,neg,neg,neg,neg,neg,neg,neg,neg,neg,neg,neg,neg,neg,neg,neg
NTC,PCR-NTC,A83P44,neg,pass,723,Example-Project3,DaveRoberson,Carcinogenic_only_Grouped,cervical_scrape,Surepath,HGU,Sarah,Chemagic360,1/1/2017,Plate8,C2,HGU,Sarah,12/28/2017,Example-B1,Example-Batch1_Plate8,C9,15,0,failed_to_amplify,neg,neg,neg,neg,neg,neg,neg,neg,neg,neg,neg,neg,neg,neg,neg,neg,neg,neg,neg,neg,neg,neg,neg,neg,neg,neg,neg,neg,neg,neg,neg,neg,neg,neg,neg,neg,neg,neg,neg,neg,neg,neg,neg,neg,neg,neg,neg,neg,neg,neg,neg,neg,neg,neg
NTC,PCR-NTC,A83P45,neg,pass,715,Example-Project3,DaveRoberson,Carcinogenic_only_Grouped,cervical_scrape,Surepath,HGU,Sarah,Chemagic360,1/1/2017,Plate8,C1,HGU,Sarah,12/28/2017,Example-B1,Example-Batch1_Plate8,C8,19,0,failed_to_amplify,neg,neg,neg,neg,neg,neg,neg,neg,neg,neg,neg,neg,neg,neg,neg,neg,neg,neg,neg,neg,neg,neg,neg,neg,neg,neg,neg,neg,neg,neg,neg,neg,neg,neg,neg,neg,neg,neg,neg,neg,neg,neg,neg,neg,neg,neg,neg,neg,neg,neg,neg,neg,neg,neg
NTC,PCR-NTC,A83P46,neg,pass,731,Example-Project3,DaveRoberson,Carcinogenic_only_Grouped,cervical_scrape,Surepath,HGU,Sarah,Chemagic360,1/1/2017,Plate8,C2,HGU,Sarah,12/28/2017,Example-B1,Example-Batch1_Plate8,C10,17,0,failed_to_amplify,neg,neg,neg,neg,neg,neg,neg,neg,neg,neg,neg,neg,neg,neg,neg,neg,neg,neg,neg,neg,neg,neg,neg,neg,neg,neg,neg,neg,neg,neg,neg,neg,neg,neg,neg,neg,neg,neg,neg,neg,neg,neg,neg,neg,neg,neg,neg,neg,neg,neg,neg,neg,neg,neg
NTC,PCR-NTC,A84P43,neg,pass,708,Example-Project3,DaveRoberson,Carcinogenic_only_Grouped,cervical_scrape,Surepath,HGU,Sarah,Chemagic360,1/1/2017,Plate8,D1,HGU,Sarah,12/28/2017,Example-B1,Example-Batch1_Plate8,D7,38,0,failed_to_amplify,neg,neg,neg,neg,neg,neg,neg,neg,neg,neg,neg,neg,neg,neg,neg,neg,neg,neg,neg,neg,neg,neg,neg,neg,neg,neg,neg,neg,neg,neg,neg,neg,neg,neg,neg,neg,neg,neg,neg,neg,neg,neg,neg,neg,neg,neg,neg,neg,neg,neg,neg,neg,neg,neg
NTC,PCR-NTC,A84P44,neg,pass,724,Example-Project3,DaveRoberson,Carcinogenic_only_Grouped,cervical_scrape,Surepath,HGU,Sarah,Chemagic360,1/1/2017,Plate8,D2,HGU,Sarah,12/28/2017,Example-B1,Example-Batch1_Plate8,D9,87,0,failed_to_amplify,neg,neg,neg,neg,neg,neg,neg,neg,neg,neg,neg,neg,neg,neg,neg,neg,neg,neg,neg,neg,neg,neg,neg,neg,neg,neg,neg,neg,neg,neg,neg,neg,neg,neg,neg,neg,neg,neg,neg,neg,neg,neg,neg,neg,neg,neg,neg,neg,neg,neg,neg,neg,neg,neg
NTC,PCR-NTC,A84P45,neg,pass,716,Example-Project3,DaveRoberson,Carcinogenic_only_Grouped,cervical_scrape,Surepath,HGU,Sarah,Chemagic360,1/1/2017,Plate8,D1,HGU,Sarah,12/28/2017,Example-B1,Example-Batch1_Plate8,D8,48,0,failed_to_amplify,neg,neg,neg,neg,neg,neg,neg,neg,neg,neg,neg,neg,neg,neg,neg,neg,neg,neg,neg,neg,neg,neg,neg,neg,neg,neg,neg,neg,neg,neg,neg,neg,neg,neg,neg,neg,neg,neg,neg,neg,neg,neg,neg,neg,neg,neg,neg,neg,neg,neg,neg,neg,neg,neg
NTC,PCR-NTC,A84P46,neg,pass,732,Example-Project3,DaveRoberson,Carcinogenic_only_Grouped,cervical_scrape,Surepath,HGU,Sarah,Chemagic360,1/1/2017,Plate8,D2,HGU,Sarah,12/28/2017,Example-B1,Example-Batch1_Plate8,D10,45,0,failed_to_amplify,neg,neg,neg,neg,neg,neg,neg,neg,neg,neg,neg,neg,neg,neg,neg,neg,neg,neg,neg,neg,neg,neg,neg,neg,neg,neg,neg,neg,neg,neg,neg,neg,neg,neg,neg,neg,neg,neg,neg,neg,neg,neg,neg,neg,neg,neg,neg,neg,neg,neg,neg,neg,neg,neg
NTC,PCR-NTC,A87P43,neg,pass,711,Example-Project3,DaveRoberson,Carcinogenic_only_Grouped,cervical_scrape,Surepath,HGU,Sarah,Chemagic360,1/1/2017,Plate8,G1,HGU,Sarah,12/28/2017,Example-B1,Example-Batch1_Plate8,G7,15,0,failed_to_amplify,neg,neg,neg,neg,neg,neg,neg,neg,neg,neg,neg,neg,neg,neg,neg,neg,neg,neg,neg,neg,neg,neg,neg,neg,neg,neg,neg,neg,neg,neg,neg,neg,neg,neg,neg,neg,neg,neg,neg,neg,neg,neg,neg,neg,neg,neg,neg,neg,neg,neg,neg,neg,neg,neg
NTC,PCR-NTC,A87P44,neg,pass,727,Example-Project3,DaveRoberson,Carcinogenic_only_Grouped,cervical_scrape,Surepath,HGU,Sarah,Chemagic360,1/1/2017,Plate8,G2,HGU,Sarah,12/28/2017,Example-B1,Example-Batch1_Plate8,G9,9,0,failed_to_amplify,neg,neg,neg,neg,neg,neg,neg,neg,neg,neg,neg,neg,neg,neg,neg,neg,neg,neg,neg,neg,neg,neg,neg,neg,neg,neg,neg,neg,neg,neg,neg,neg,neg,neg,neg,neg,neg,neg,neg,neg,neg,neg,neg,neg,neg,neg,neg,neg,neg,neg,neg,neg,neg,neg
NTC,PCR-NTC,A87P45,neg,pass,719,Example-Project3,DaveRoberson,Carcinogenic_only_Grouped,cervical_scrape,Surepath,HGU,Sarah,Chemagic360,1/1/2017,Plate8,G1,HGU,Sarah,12/28/2017,Example-B1,Example-Batch1_Plate8,G8,13,0,failed_to_amplify,neg,neg,neg,neg,neg,neg,neg,neg,neg,neg,neg,neg,neg,neg,neg,neg,neg,neg,neg,neg,neg,neg,neg,neg,neg,neg,neg,neg,neg,neg,neg,neg,neg,neg,neg,neg,neg,neg,neg,neg,neg,neg,neg,neg,neg,neg,neg,neg,neg,neg,neg,neg,neg,neg
NTC,PCR-NTC,A87P46,neg,pass,735,Example-Project3,DaveRoberson,Carcinogenic_only_Grouped,cervical_scrape,Surepath,HGU,Sarah,Chemagic360,1/1/2017,Plate8,G2,HGU,Sarah,12/28/2017,Example-B1,Example-Batch1_Plate8,G10,11,0,failed_to_amplify,neg,neg,neg,neg,neg,neg,neg,neg,neg,neg,neg,neg,neg,neg,neg,neg,neg,neg,neg,neg,neg,neg,neg,neg,neg,neg,neg,neg,neg,neg,neg,neg,neg,neg,neg,neg,neg,neg,neg,neg,neg,neg,neg,neg,neg,neg,neg,neg,neg,neg,neg,neg,neg,neg
SiHa-HeLa,PB100108_D3_Siha-Hela,A84P27,pos,pass,596,Example-Project2,DaveRoberson,Carcinogenic,cervical_scrape,PreservCyt,HGU,Sarah,Filtration,10/23/2017,Plate7,D3,HGU,Sarah,12/14/2017,Example-B1,Example-Batch1_Plate7,D3,87874,2,pass,neg,neg,neg,neg,pos,pos,neg,neg,neg,neg,neg,neg,neg,neg,neg,neg,neg,neg,neg,neg,neg,neg,neg,neg,neg,neg,neg,neg,neg,neg,neg,neg,neg,neg,neg,neg,neg,neg,neg,neg,neg,neg,neg,neg,neg,neg,neg,neg,neg,neg,neg,neg,neg,neg
SiHa-HeLa,PB100302_F12_Siha-Hela,A70P12,pos,pass,94,Example-Project1,SarahWagner,All,cervical_scrape,PreservCyt,HGU,Sarah,Filtration,11/6/2017,Plate1,F12,HGU,Sarah,1/11/2018,Example-B1,Example-Batch1_Plate1,F12,77654,2,pass,neg,neg,neg,neg,pos,pos,neg,neg,neg,neg,neg,neg,neg,neg,neg,neg,neg,neg,neg,neg,neg,neg,neg,neg,neg,neg,neg,neg,neg,neg,neg,neg,neg,neg,neg,neg,neg,neg,neg,neg,neg,neg,neg,neg,neg,neg,neg,neg,neg,neg,neg,neg,neg,neg
SiHa-HeLa,PB100312_B6_Siha-Hela,A66P30,pos,pass,138,Example-Project1,SarahWagner,All,cervical_scrape,PreservCyt,HGU,Sarah,Filtration,12/27/2017,Plate2,B6,HGU,Sarah,1/11/2018,Example-B1,Example-Batch1_Plate2,B6,95436,2,pass,neg,neg,neg,neg,pos,pos,neg,neg,neg,neg,neg,neg,neg,neg,neg,neg,neg,neg,neg,neg,neg,neg,neg,neg,neg,neg,neg,neg,neg,neg,neg,neg,neg,neg,neg,neg,neg,neg,neg,neg,neg,neg,neg,neg,neg,neg,neg,neg,neg,neg,neg,neg,neg,neg
SiHa-HeLa,PB100313_E2_Siha-Hela,A77P02,pos,pass,205,Example-Project1,SarahWagner,All,cervical_scrape,PreservCyt,HGU,Sarah,Filtration,1/3/2018,Plate3,E2,HGU,Sarah,1/11/2018,Example-B1,Example-Batch1_Plate3,E2,90904,2,pass,neg,neg,neg,neg,pos,pos,neg,neg,neg,neg,neg,neg,neg,neg,neg,neg,neg,neg,neg,neg,neg,neg,neg,neg,neg,neg,neg,neg,neg,neg,neg,neg,neg,neg,neg,neg,neg,neg,neg,neg,neg,neg,neg,neg,neg,neg,neg,neg,neg,neg,neg,neg,neg,neg
SiHa-HeLa,PB100314_B9_Siha-Hela,A74P33,pos,pass,354,Example-Project1,SarahWagner,All,cervical_scrape,PreservCyt,HGU,Sarah,Filtration,1/3/2018,Plate4,B9,HGU,Sarah,1/11/2018,Example-B1,Example-Batch1_Plate4,B9,79235,2,pass,neg,neg,neg,neg,pos,pos,neg,neg,neg,neg,neg,neg,neg,neg,neg,neg,neg,neg,neg,neg,neg,neg,neg,neg,neg,neg,neg,neg,neg,neg,neg,neg,neg,neg,neg,neg,neg,neg,neg,neg,neg,neg,neg,neg,neg,neg,neg,neg,neg,neg,neg,neg,neg,neg
SiHa-HeLa,PB100315_C12_Siha-Hela,A75P48,pos,pass,475,Example-Project1,SarahWagner,All,cervical_scrape,PreservCyt,HGU,Sarah,Filtration,1/3/2018,Plate5,C12,HGU,Sarah,1/11/2018,Example-B1,Example-Batch1_Plate5,C12,108903,2,pass,neg,neg,neg,neg,pos,pos,neg,neg,neg,neg,neg,neg,neg,neg,neg,neg,neg,neg,neg,neg,neg,neg,neg,neg,neg,neg,neg,neg,neg,neg,neg,neg,neg,neg,neg,neg,neg,neg,neg,neg,neg,neg,neg,neg,neg,neg,neg,neg,neg,neg,neg,neg,neg,neg
SiHa-HeLa,PB100316_D5_Siha-Hela,A84P05,pos,pass,516,Example-Project1,SarahWagner,All,cervical_scrape,PreservCyt,HGU,Sarah,Filtration,1/3/2018,Plate6,D5,HGU,Sarah,1/11/2018,Example-B1,Example-Batch1_Plate6,D5,78592,2,pass,neg,neg,neg,neg,pos,pos,neg,neg,neg,neg,neg,neg,neg,neg,neg,neg,neg,neg,neg,neg,neg,neg,neg,neg,neg,neg,neg,neg,neg,neg,neg,neg,neg,neg,neg,neg,neg,neg,neg,neg,neg,neg,neg,neg,neg,neg,neg,neg,neg,neg,neg,neg,neg,neg
hg19,13_E2_hg19_1ng,A85P38,pos,pass,685,Example-Project2,DaveRoberson,Carcinogenic,synth_ctrls,PreservCyt,HGU,Sarah,SC,SC,SC,E2,HGU,Sarah,12/28/2017,Example-B1,Example-Batch1_Plate8,E2,4667,0,pass,neg,neg,neg,neg,neg,neg,neg,neg,neg,neg,neg,neg,neg,neg,neg,neg,neg,neg,neg,neg,neg,neg,neg,neg,neg,neg,neg,neg,neg,neg,neg,neg,neg,neg,neg,neg,neg,neg,neg,neg,neg,neg,neg,neg,neg,neg,neg,neg,neg,neg,neg,neg,neg,neg
hg19,13_E2_hg19_1ng,A85P40,pos,pass,701,Example-Project2,DaveRoberson,Carcinogenic,synth_ctrls,PreservCyt,HGU,Sarah,SC,SC,SC,E2,HGU,Sarah,12/28/2017,Example-B1,Example-Batch1_Plate8,E4,4731,0,pass,neg,neg,neg,neg,neg,neg,neg,neg,neg,neg,neg,neg,neg,neg,neg,neg,neg,neg,neg,neg,neg,neg,neg,neg,neg,neg,neg,neg,neg,neg,neg,neg,neg,neg,neg,neg,neg,neg,neg,neg,neg,neg,neg,neg,neg,neg,neg,neg,neg,neg,neg,neg,neg,neg
hg19,13_E2_hg19_1ng,A85P48,pos,pass,749,Example-Project3,DaveRoberson,Carcinogenic_only_Grouped,synth_ctrls,PreservCyt,HGU,Sarah,SC,SC,SC,E2,HGU,Sarah,12/28/2017,Example-B1,Example-Batch1_Plate8,E12,6407,0,pass,neg,neg,neg,neg,neg,neg,neg,neg,neg,neg,neg,neg,neg,neg,neg,neg,neg,neg,neg,neg,neg,neg,neg,neg,neg,neg,neg,neg,neg,neg,neg,neg,neg,neg,neg,neg,neg,neg,neg,neg,neg,neg,neg,neg,neg,neg,neg,neg,neg,neg,neg,neg,neg,neg
hg19,14_F2_hg19_0.5ng,A86P38,pos,pass,686,Example-Project2,DaveRoberson,Carcinogenic,synth_ctrls,PreservCyt,HGU,Sarah,SC,SC,SC,F2,HGU,Sarah,12/28/2017,Example-B1,Example-Batch1_Plate8,F2,4638,0,pass,neg,neg,neg,neg,neg,neg,neg,neg,neg,neg,neg,neg,neg,neg,neg,neg,neg,neg,neg,neg,neg,neg,neg,neg,neg,neg,neg,neg,neg,neg,neg,neg,neg,neg,neg,neg,neg,neg,neg,neg,neg,neg,neg,neg,neg,neg,neg,neg,neg,neg,neg,neg,neg,neg
hg19,14_F2_hg19_0.5ng,A86P40,pos,pass,702,Example-Project2,DaveRoberson,Carcinogenic,synth_ctrls,PreservCyt,HGU,Sarah,SC,SC,SC,F2,HGU,Sarah,12/28/2017,Example-B1,Example-Batch1_Plate8,F4,5150,0,pass,neg,neg,neg,neg,neg,neg,neg,neg,neg,neg,neg,neg,neg,neg,neg,neg,neg,neg,neg,neg,neg,neg,neg,neg,neg,neg,neg,neg,neg,neg,neg,neg,neg,neg,neg,neg,neg,neg,neg,neg,neg,neg,neg,neg,neg,neg,neg,neg,neg,neg,neg,neg,neg,neg
hg19,14_F2_hg19_0.5ng,A86P48,pos,pass,750,Example-Project3,DaveRoberson,Carcinogenic_only_Grouped,synth_ctrls,PreservCyt,HGU,Sarah,SC,SC,SC,F2,HGU,Sarah,12/28/2017,Example-B1,Example-Batch1_Plate8,F12,3227,0,pass,neg,neg,neg,neg,neg,neg,neg,neg,neg,neg,neg,neg,neg,neg,neg,neg,neg,neg,neg,neg,neg,neg,neg,neg,neg,neg,neg,neg,neg,neg,neg,neg,neg,neg,neg,neg,neg,neg,neg,neg,neg,neg,neg,neg,neg,neg,neg,neg,neg,neg,neg,neg,neg,neg
